<?xml version="1.0" encoding="UTF-8"?>
<export><info><creator>Admin</creator><opencms_version>8.5.0</opencms_version><createdate>Fri, 12 Apr 2013 18:41:43 CEST</createdate><project>Offline</project><export_version>7</export_version></info><module><name>sandrine.opencms.workplace.tools.modules.resourcetypes</name><nicename>Eurelis - Eurelis website features - Version 1.0.0.0</nicename><group>Eurelis products</group><class></class><description><![CDATA[Eurelis OpenCms Module for Eurelis website features.                   ////                   OpenCms -  Eurelis - EUR-FRAMEWORK : Module Common Portlets                   Copyright (C) Eurelis - http://www.eurelis.com                   .                   This program is free software: you can redistribute it and/or modify                   it under the terms version 3 of the GNU Lesser General Public License as                   published by the Free Software Foundation.                   .                   This program is distributed in the hope that it will be useful,                   but WITHOUT ANY WARRANTY; without even the implied warranty of                   MERCHANTABILITY or FITNESS FOR A PARTICULAR PURPOSE.  See the                   version 3 of the GNU Lesser General Public License for more details.                   .                   You should have received a copy of the GNU Lesser General Public License                   along with this program.  If not, see http://www.gnu.org/licenses/.]]></description><version>1.0.0.0</version><authorname><![CDATA[Eurelis]]></authorname><authoremail><![CDATA[contact@eurelis.com]]></authoremail><datecreated>Fri, 12 Apr 2013 18:41:43 CEST</datecreated><userinstalled></userinstalled><dateinstalled></dateinstalled><dependencies><dependency name="org.opencms.workplace.tools.workplace" version="8.5.0"/></dependencies><exportpoints><exportpoint uri="/system/modules/sandrine.opencms.workplace.tools.modules.resourcetypes/lib/" destination="WEB-INF/lib/"/><exportpoint uri="/system/modules/sandrine.opencms.workplace.tools.modules.resourcetypes/classes/" destination="WEB-INF/classes/"/><exportpoint uri="/system/modules/sandrine.opencms.workplace.tools.modules.resourcetypes/taglib/" destination="WEB-INF/"/></exportpoints><resources><resource uri="/system/workplace/admin/modules/resourcetypes_list.jsp"/></resources><parameters><param name="README_FILEPATH">/system/modules/sandrine.opencms.workplace.tools.modules.resourcetypes/readme</param></parameters><resourcetypes/><explorertypes/></module><files><file><destination>system</destination><type>folder</type><uuidstructure>db9370fe-a38f-11e2-a0ae-00c0f03d5b7c</uuidstructure><datelastmodified>Thu, 24 Jan 2013 15:28:07 CET</datelastmodified><userlastmodified>Admin</userlastmodified><datecreated>Thu, 24 Jan 2013 15:28:07 CET</datecreated><usercreated>Admin</usercreated><flags>0</flags><properties/><accesscontrol/></file><file><destination>system/modules</destination><type>folder</type><uuidstructure>db93980f-a38f-11e2-a0ae-00c0f03d5b7c</uuidstructure><datelastmodified>Thu, 24 Jan 2013 15:28:07 CET</datelastmodified><userlastmodified>Admin</userlastmodified><datecreated>Thu, 24 Jan 2013 15:28:07 CET</datecreated><usercreated>Admin</usercreated><flags>0</flags><properties/><accesscontrol/></file><file><destination>system/modules/sandrine.opencms.workplace.tools.modules.resourcetypes</destination><type>folder</type><uuidstructure>db939810-a38f-11e2-a0ae-00c0f03d5b7c</uuidstructure><datelastmodified>Fri, 12 Apr 2013 18:27:52 CEST</datelastmodified><userlastmodified>Admin</userlastmodified><datecreated>Fri, 12 Apr 2013 18:27:52 CEST</datecreated><usercreated>Admin</usercreated><flags>0</flags><properties/><accesscontrol/></file><file><destination>system/modules/sandrine.opencms.workplace.tools.modules.resourcetypes/classes</destination><type>folder</type><uuidstructure>db93bf21-a38f-11e2-a0ae-00c0f03d5b7c</uuidstructure><datelastmodified>Thu, 24 Jan 2013 15:28:07 CET</datelastmodified><userlastmodified>Admin</userlastmodified><datecreated>Thu, 24 Jan 2013 15:28:07 CET</datecreated><usercreated>Admin</usercreated><flags>0</flags><properties/><accesscontrol/></file><file><destination>system/modules/sandrine.opencms.workplace.tools.modules.resourcetypes/classes/sandrine</destination><type>folder</type><uuidstructure>db93e632-a38f-11e2-a0ae-00c0f03d5b7c</uuidstructure><datelastmodified>Thu, 24 Jan 2013 15:28:07 CET</datelastmodified><userlastmodified>Admin</userlastmodified><datecreated>Thu, 24 Jan 2013 15:28:07 CET</datecreated><usercreated>Admin</usercreated><flags>0</flags><properties/><accesscontrol/></file><file><destination>system/modules/sandrine.opencms.workplace.tools.modules.resourcetypes/classes/sandrine/opencms</destination><type>folder</type><uuidstructure>db93e633-a38f-11e2-a0ae-00c0f03d5b7c</uuidstructure><datelastmodified>Thu, 24 Jan 2013 15:28:07 CET</datelastmodified><userlastmodified>Admin</userlastmodified><datecreated>Thu, 24 Jan 2013 15:28:07 CET</datecreated><usercreated>Admin</usercreated><flags>0</flags><properties/><accesscontrol/></file><file><destination>system/modules/sandrine.opencms.workplace.tools.modules.resourcetypes/classes/sandrine/opencms/workplace</destination><type>folder</type><uuidstructure>db940d44-a38f-11e2-a0ae-00c0f03d5b7c</uuidstructure><datelastmodified>Thu, 24 Jan 2013 15:28:07 CET</datelastmodified><userlastmodified>Admin</userlastmodified><datecreated>Thu, 24 Jan 2013 15:28:07 CET</datecreated><usercreated>Admin</usercreated><flags>0</flags><properties/><accesscontrol/></file><file><destination>system/modules/sandrine.opencms.workplace.tools.modules.resourcetypes/classes/sandrine/opencms/workplace/tools</destination><type>folder</type><uuidstructure>db943455-a38f-11e2-a0ae-00c0f03d5b7c</uuidstructure><datelastmodified>Thu, 24 Jan 2013 15:28:07 CET</datelastmodified><userlastmodified>Admin</userlastmodified><datecreated>Thu, 24 Jan 2013 15:28:07 CET</datecreated><usercreated>Admin</usercreated><flags>0</flags><properties/><accesscontrol/></file><file><destination>system/modules/sandrine.opencms.workplace.tools.modules.resourcetypes/classes/sandrine/opencms/workplace/tools/modules</destination><type>folder</type><uuidstructure>db943456-a38f-11e2-a0ae-00c0f03d5b7c</uuidstructure><datelastmodified>Thu, 24 Jan 2013 15:28:07 CET</datelastmodified><userlastmodified>Admin</userlastmodified><datecreated>Thu, 24 Jan 2013 15:28:07 CET</datecreated><usercreated>Admin</usercreated><flags>0</flags><properties/><accesscontrol/></file><file><destination>system/modules/sandrine.opencms.workplace.tools.modules.resourcetypes/classes/sandrine/opencms/workplace/tools/modules/resourcetypes</destination><type>folder</type><uuidstructure>db945b67-a38f-11e2-a0ae-00c0f03d5b7c</uuidstructure><datelastmodified>Thu, 24 Jan 2013 14:28:47 CET</datelastmodified><userlastmodified>Admin</userlastmodified><datecreated>Thu, 24 Jan 2013 14:28:47 CET</datecreated><usercreated>Admin</usercreated><flags>0</flags><properties/><accesscontrol/></file><file><destination>system/modules/sandrine.opencms.workplace.tools.modules.resourcetypes/lib</destination><type>folder</type><uuidstructure>db948278-a38f-11e2-a0ae-00c0f03d5b7c</uuidstructure><datelastmodified>Thu, 01 Jan 1970 01:00:00 CET</datelastmodified><userlastmodified>Admin</userlastmodified><datecreated>Thu, 01 Jan 1970 01:00:00 CET</datecreated><usercreated>Admin</usercreated><flags>0</flags><properties/><accesscontrol/></file><file><destination>system/workplace</destination><type>folder</type><uuidstructure>db948279-a38f-11e2-a0ae-00c0f03d5b7c</uuidstructure><datelastmodified>Thu, 24 Jan 2013 15:28:07 CET</datelastmodified><userlastmodified>Admin</userlastmodified><datecreated>Thu, 24 Jan 2013 15:28:07 CET</datecreated><usercreated>Admin</usercreated><flags>0</flags><properties/><accesscontrol/></file><file><destination>system/workplace/admin</destination><type>folder</type><uuidstructure>db94a98a-a38f-11e2-a0ae-00c0f03d5b7c</uuidstructure><datelastmodified>Thu, 24 Jan 2013 15:28:07 CET</datelastmodified><userlastmodified>Admin</userlastmodified><datecreated>Thu, 24 Jan 2013 15:28:07 CET</datecreated><usercreated>Admin</usercreated><flags>0</flags><properties/><accesscontrol/></file><file><destination>system/workplace/admin/modules</destination><type>folder</type><uuidstructure>db94d09b-a38f-11e2-a0ae-00c0f03d5b7c</uuidstructure><datelastmodified>Fri, 12 Apr 2013 17:35:59 CEST</datelastmodified><userlastmodified>Admin</userlastmodified><datecreated>Fri, 12 Apr 2013 17:35:59 CEST</datecreated><usercreated>Admin</usercreated><flags>0</flags><properties/><accesscontrol/></file><file><source>system/modules/sandrine.opencms.workplace.tools.modules.resourcetypes/lib/sandrine.opencms.workplace.tools.modules.resourcetypes_0.0.1.jar</source><destination>system/modules/sandrine.opencms.workplace.tools.modules.resourcetypes/lib/sandrine.opencms.workplace.tools.modules.resourcetypes_0.0.1.jar</destination><type>plain</type><uuidresource>db94d09c-a38f-11e2-a0ae-00c0f03d5b7c</uuidresource><uuidstructure>db94d09d-a38f-11e2-a0ae-00c0f03d5b7c</uuidstructure><datelastmodified>Thu, 01 Jan 1970 01:00:00 CET</datelastmodified><userlastmodified>Admin</userlastmodified><datecreated>Thu, 01 Jan 1970 01:00:00 CET</datecreated><usercreated>Admin</usercreated><flags>0</flags><properties/><accesscontrol/></file><file><source>system/modules/sandrine.opencms.workplace.tools.modules.resourcetypes/readme</source><destination>system/modules/sandrine.opencms.workplace.tools.modules.resourcetypes/readme</destination><type>plain</type><uuidresource>db94f7ae-a38f-11e2-a0ae-00c0f03d5b7c</uuidresource><uuidstructure>db94f7af-a38f-11e2-a0ae-00c0f03d5b7c</uuidstructure><datelastmodified>Fri, 12 Apr 2013 18:38:08 CEST</datelastmodified><userlastmodified>Admin</userlastmodified><datecreated>Fri, 12 Apr 2013 18:38:08 CEST</datecreated><usercreated>Admin</usercreated><flags>0</flags><properties/><accesscontrol/></file><file><source>system/workplace/admin/modules/dynamicfunctions_list.jsp</source><destination>system/workplace/admin/modules/dynamicfunctions_list.jsp</destination><type>jsp</type><uuidresource>db951ec0-a38f-11e2-a0ae-00c0f03d5b7c</uuidresource><uuidstructure>db951ec1-a38f-11e2-a0ae-00c0f03d5b7c</uuidstructure><datelastmodified>Tue, 02 Apr 2013 10:07:42 CEST</datelastmodified><userlastmodified>Admin</userlastmodified><datecreated>Tue, 02 Apr 2013 10:07:42 CEST</datecreated><usercreated>Admin</usercreated><flags>0</flags><properties><property><name>admintoolhandler-class</name><value><![CDATA[org.opencms.workplace.tools.modules.CmsModulesToolHandler]]></value></property><property><name>Description</name><value><![CDATA[Resource types]]></value></property><property><name>NavPos</name><value><![CDATA[10]]></value></property><property><name>admintoolhandler-args</name><value><![CDATA[params:module=${param.module}&style=new&action=initial|path:/modules/edit/dynamicfunctions]]></value></property><property><name>export</name><value><![CDATA[false]]></value></property><property><name>NavText</name><value><![CDATA[Dynamic functions]]></value></property><property><name>NavImage</name><value><![CDATA[tools/modules/icons/big/module_exportpoints.png]]></value></property><property><name>NavInfo</name><value><![CDATA[${key.GUI_MODULE_ADMIN_TOOL_GROUP_0}]]></value></property><property><name>Title</name><value><![CDATA[Dynamicfunctions List]]></value></property></properties><accesscontrol/></file><file><source>system/workplace/admin/modules/readme.jsp</source><destination>system/workplace/admin/modules/readme.jsp</destination><type>jsp</type><uuidresource>db9545d2-a38f-11e2-a0ae-00c0f03d5b7c</uuidresource><uuidstructure>db9545d3-a38f-11e2-a0ae-00c0f03d5b7c</uuidstructure><datelastmodified>Fri, 12 Apr 2013 17:56:16 CEST</datelastmodified><userlastmodified>Admin</userlastmodified><datecreated>Fri, 12 Apr 2013 17:56:16 CEST</datecreated><usercreated>Admin</usercreated><flags>0</flags><properties><property><name>admintoolhandler-class</name><value><![CDATA[org.opencms.workplace.tools.modules.CmsModulesToolHandler]]></value></property><property><name>Description</name><value><![CDATA[Read me]]></value></property><property><name>NavPos</name><value><![CDATA[12]]></value></property><property><name>admintoolhandler-args</name><value><![CDATA[params:module=${param.module}&style=new&action=initial|path:/modules/edit/readme]]></value></property><property><name>export</name><value><![CDATA[false]]></value></property><property><name>NavText</name><value><![CDATA[Read me]]></value></property><property><name>NavImage</name><value><![CDATA[tools/modules/icons/big/module_exportpoints.png]]></value></property><property><name>NavInfo</name><value><![CDATA[${key.GUI_MODULE_ADMIN_TOOL_GROUP_0}]]></value></property><property><name>Title</name><value><![CDATA[Read me text]]></value></property></properties><accesscontrol/></file><file><source>system/workplace/admin/modules/resourcetypes_list.jsp</source><destination>system/workplace/admin/modules/resourcetypes_list.jsp</destination><type>jsp</type><uuidresource>db956ce4-a38f-11e2-a0ae-00c0f03d5b7c</uuidresource><uuidstructure>db956ce5-a38f-11e2-a0ae-00c0f03d5b7c</uuidstructure><datelastmodified>Tue, 02 Apr 2013 10:07:42 CEST</datelastmodified><userlastmodified>Admin</userlastmodified><datecreated>Tue, 02 Apr 2013 10:07:42 CEST</datecreated><usercreated>Admin</usercreated><flags>0</flags><properties><property><name>admintoolhandler-class</name><value><![CDATA[org.opencms.workplace.tools.modules.CmsModulesToolHandler]]></value></property><property><name>Description</name><value><![CDATA[Resource types]]></value></property><property><name>NavPos</name><value><![CDATA[10]]></value></property><property><name>admintoolhandler-args</name><value><![CDATA[params:module=${param.module}&style=new&action=initial|path:/modules/edit/resourcetypes]]></value></property><property><name>export</name><value><![CDATA[false]]></value></property><property><name>NavText</name><value><![CDATA[Resource types]]></value></property><property><name>NavImage</name><value><![CDATA[tools/modules/icons/big/module_exportpoints.png]]></value></property><property><name>NavInfo</name><value><![CDATA[${key.GUI_MODULE_ADMIN_TOOL_GROUP_0}]]></value></property><property><name>Title</name><value><![CDATA[Resourcetypes List]]></value></property></properties><accesscontrol/></file></files></export>