<?xml version="1.0" encoding="UTF-8"?>
<export><info><creator>Admin</creator><opencms_version>8.0.3</opencms_version><createdate>Wed, 05 Feb 2014 14:57:15 CET</createdate><project>Offline</project><export_version>7</export_version></info><module><name>sandrine.opencms.workplace.tools.checkresources</name><nicename>Eurelis - Eurelis website features - Version 1.0.0.0</nicename><group>Eurelis products</group><class></class><description><![CDATA[Eurelis OpenCms Module for Eurelis website features.                   ////                   OpenCms -  Eurelis - EUR-FRAMEWORK : Module Common Portlets                   Copyright (C) Eurelis - http://www.eurelis.com                   .                   This program is free software: you can redistribute it and/or modify                   it under the terms version 3 of the GNU Lesser General Public License as                   published by the Free Software Foundation.                   .                   This program is distributed in the hope that it will be useful,                   but WITHOUT ANY WARRANTY; without even the implied warranty of                   MERCHANTABILITY or FITNESS FOR A PARTICULAR PURPOSE.  See the                   version 3 of the GNU Lesser General Public License for more details.                   .                   You should have received a copy of the GNU Lesser General Public License                   along with this program.  If not, see http://www.gnu.org/licenses/.]]></description><version>1.0.0.0</version><authorname><![CDATA[Eurelis]]></authorname><authoremail><![CDATA[contact@eurelis.com]]></authoremail><datecreated>Wed, 05 Feb 2014 14:57:15 CET</datecreated><userinstalled></userinstalled><dateinstalled></dateinstalled><dependencies/><exportpoints><exportpoint uri="/system/modules/sandrine.opencms.workplace.tools.checkresources/lib/" destination="WEB-INF/lib/"/><exportpoint uri="/system/modules/sandrine.opencms.workplace.tools.checkresources/classes/" destination="WEB-INF/classes/"/><exportpoint uri="/system/modules/sandrine.opencms.workplace.tools.checkresources/taglib/" destination="WEB-INF/"/></exportpoints><resources><resource uri="/system/workplace/admin/checkresources/"/><resource uri="/system/workplace/locales/fr/messages/sandrine/opencms/workplace/tools/checkresources"/></resources><parameters/><resourcetypes/><explorertypes/></module><files><file><destination>system</destination><type>folder</type><uuidstructure>6b541a36-8e6d-11e3-9895-00c0f03d5b7c</uuidstructure><datelastmodified>Wed, 05 Feb 2014 14:57:00 CET</datelastmodified><userlastmodified>Admin</userlastmodified><datecreated>Wed, 05 Feb 2014 14:57:00 CET</datecreated><usercreated>Admin</usercreated><flags>0</flags><properties/><accesscontrol/></file><file><destination>system/modules</destination><type>folder</type><uuidstructure>6b541a37-8e6d-11e3-9895-00c0f03d5b7c</uuidstructure><datelastmodified>Wed, 05 Feb 2014 14:57:00 CET</datelastmodified><userlastmodified>Admin</userlastmodified><datecreated>Wed, 05 Feb 2014 14:57:00 CET</datecreated><usercreated>Admin</usercreated><flags>0</flags><properties/><accesscontrol/></file><file><destination>system/modules/sandrine.opencms.workplace.tools.checkresources</destination><type>folder</type><uuidstructure>6b544148-8e6d-11e3-9895-00c0f03d5b7c</uuidstructure><datelastmodified>Wed, 05 Feb 2014 14:57:00 CET</datelastmodified><userlastmodified>Admin</userlastmodified><datecreated>Wed, 05 Feb 2014 14:57:00 CET</datecreated><usercreated>Admin</usercreated><flags>0</flags><properties/><accesscontrol/></file><file><destination>system/modules/sandrine.opencms.workplace.tools.checkresources/classes</destination><type>folder</type><uuidstructure>6b544149-8e6d-11e3-9895-00c0f03d5b7c</uuidstructure><datelastmodified>Wed, 05 Feb 2014 14:57:00 CET</datelastmodified><userlastmodified>Admin</userlastmodified><datecreated>Wed, 05 Feb 2014 14:57:00 CET</datecreated><usercreated>Admin</usercreated><flags>0</flags><properties/><accesscontrol/></file><file><destination>system/modules/sandrine.opencms.workplace.tools.checkresources/classes/sandrine</destination><type>folder</type><uuidstructure>6b54685a-8e6d-11e3-9895-00c0f03d5b7c</uuidstructure><datelastmodified>Wed, 05 Feb 2014 14:57:00 CET</datelastmodified><userlastmodified>Admin</userlastmodified><datecreated>Wed, 05 Feb 2014 14:57:00 CET</datecreated><usercreated>Admin</usercreated><flags>0</flags><properties/><accesscontrol/></file><file><destination>system/modules/sandrine.opencms.workplace.tools.checkresources/classes/sandrine/opencms</destination><type>folder</type><uuidstructure>6b54685b-8e6d-11e3-9895-00c0f03d5b7c</uuidstructure><datelastmodified>Wed, 05 Feb 2014 14:57:00 CET</datelastmodified><userlastmodified>Admin</userlastmodified><datecreated>Wed, 05 Feb 2014 14:57:00 CET</datecreated><usercreated>Admin</usercreated><flags>0</flags><properties/><accesscontrol/></file><file><destination>system/modules/sandrine.opencms.workplace.tools.checkresources/classes/sandrine/opencms/workplace</destination><type>folder</type><uuidstructure>6b548f6c-8e6d-11e3-9895-00c0f03d5b7c</uuidstructure><datelastmodified>Wed, 05 Feb 2014 14:57:00 CET</datelastmodified><userlastmodified>Admin</userlastmodified><datecreated>Wed, 05 Feb 2014 14:57:00 CET</datecreated><usercreated>Admin</usercreated><flags>0</flags><properties/><accesscontrol/></file><file><destination>system/modules/sandrine.opencms.workplace.tools.checkresources/classes/sandrine/opencms/workplace/tools</destination><type>folder</type><uuidstructure>6b548f6d-8e6d-11e3-9895-00c0f03d5b7c</uuidstructure><datelastmodified>Wed, 05 Feb 2014 14:57:00 CET</datelastmodified><userlastmodified>Admin</userlastmodified><datecreated>Wed, 05 Feb 2014 14:57:00 CET</datecreated><usercreated>Admin</usercreated><flags>0</flags><properties/><accesscontrol/></file><file><destination>system/modules/sandrine.opencms.workplace.tools.checkresources/classes/sandrine/opencms/workplace/tools/checksources</destination><type>folder</type><uuidstructure>6b54b67e-8e6d-11e3-9895-00c0f03d5b7c</uuidstructure><datelastmodified>Wed, 05 Feb 2014 14:57:00 CET</datelastmodified><userlastmodified>Admin</userlastmodified><datecreated>Wed, 05 Feb 2014 14:57:00 CET</datecreated><usercreated>Admin</usercreated><flags>0</flags><properties/><accesscontrol/></file><file><destination>system/modules/sandrine.opencms.workplace.tools.checkresources/lib</destination><type>folder</type><uuidstructure>6b54b67f-8e6d-11e3-9895-00c0f03d5b7c</uuidstructure><datelastmodified>Thu, 01 Jan 1970 01:00:00 CET</datelastmodified><userlastmodified>Admin</userlastmodified><datecreated>Thu, 01 Jan 1970 01:00:00 CET</datecreated><usercreated>Admin</usercreated><flags>0</flags><properties/><accesscontrol/></file><file><destination>system/workplace</destination><type>folder</type><uuidstructure>6b54dd90-8e6d-11e3-9895-00c0f03d5b7c</uuidstructure><datelastmodified>Wed, 05 Feb 2014 14:56:00 CET</datelastmodified><userlastmodified>Admin</userlastmodified><datecreated>Wed, 05 Feb 2014 14:56:00 CET</datecreated><usercreated>Admin</usercreated><flags>0</flags><properties/><accesscontrol/></file><file><destination>system/workplace/admin</destination><type>folder</type><uuidstructure>6b54dd91-8e6d-11e3-9895-00c0f03d5b7c</uuidstructure><datelastmodified>Wed, 05 Feb 2014 14:56:00 CET</datelastmodified><userlastmodified>Admin</userlastmodified><datecreated>Wed, 05 Feb 2014 14:56:00 CET</datecreated><usercreated>Admin</usercreated><flags>0</flags><properties/><accesscontrol/></file><file><destination>system/workplace/admin/checkresources</destination><type>folder</type><uuidstructure>6b5504a2-8e6d-11e3-9895-00c0f03d5b7c</uuidstructure><datelastmodified>Wed, 05 Feb 2014 14:56:00 CET</datelastmodified><userlastmodified>Admin</userlastmodified><datecreated>Wed, 05 Feb 2014 14:56:00 CET</datecreated><usercreated>Admin</usercreated><flags>0</flags><properties><property><name>Description</name><value><![CDATA[${key.GUI_CHECKRESOURCES_ADMIN_TOOL_HELP_0}]]></value></property><property><name>NavInfo</name><value><![CDATA[${key.GUI_CHECKRESOURCES_ADMIN_TOOL_GROUP_0}]]></value></property><property><name>Title</name><value><![CDATA[Check Resources]]></value></property><property><name>NavImage</name><value><![CDATA[tools/projects/icons/big/projects.png:tools/projects/icons/small/projects.png]]></value></property><property><name>admintoolhandler-class</name><value><![CDATA[org.opencms.workplace.tools.CmsDefaultToolHandler]]></value></property><property><name>NavText</name><value><![CDATA[${key.GUI_CHECKRESOURCES_ADMIN_TOOL_NAME_0}]]></value></property><property><name>NavPos</name><value><![CDATA[1]]></value></property></properties><accesscontrol/></file><file><destination>system/workplace/locales</destination><type>folder</type><uuidstructure>6b552bb3-8e6d-11e3-9895-00c0f03d5b7c</uuidstructure><datelastmodified>Wed, 05 Feb 2014 14:56:00 CET</datelastmodified><userlastmodified>Admin</userlastmodified><datecreated>Wed, 05 Feb 2014 14:56:00 CET</datecreated><usercreated>Admin</usercreated><flags>0</flags><properties/><accesscontrol/></file><file><destination>system/workplace/locales/fr</destination><type>folder</type><uuidstructure>6b552bb4-8e6d-11e3-9895-00c0f03d5b7c</uuidstructure><datelastmodified>Wed, 05 Feb 2014 14:56:00 CET</datelastmodified><userlastmodified>Admin</userlastmodified><datecreated>Wed, 05 Feb 2014 14:56:00 CET</datecreated><usercreated>Admin</usercreated><flags>0</flags><properties/><accesscontrol/></file><file><destination>system/workplace/locales/fr/messages</destination><type>folder</type><uuidstructure>6b552bb5-8e6d-11e3-9895-00c0f03d5b7c</uuidstructure><datelastmodified>Wed, 05 Feb 2014 14:56:00 CET</datelastmodified><userlastmodified>Admin</userlastmodified><datecreated>Wed, 05 Feb 2014 14:56:00 CET</datecreated><usercreated>Admin</usercreated><flags>0</flags><properties/><accesscontrol/></file><file><destination>system/workplace/locales/fr/messages/sandrine</destination><type>folder</type><uuidstructure>6b5552c6-8e6d-11e3-9895-00c0f03d5b7c</uuidstructure><datelastmodified>Wed, 05 Feb 2014 14:56:00 CET</datelastmodified><userlastmodified>Admin</userlastmodified><datecreated>Wed, 05 Feb 2014 14:56:00 CET</datecreated><usercreated>Admin</usercreated><flags>0</flags><properties/><accesscontrol/></file><file><destination>system/workplace/locales/fr/messages/sandrine/opencms</destination><type>folder</type><uuidstructure>6b5552c7-8e6d-11e3-9895-00c0f03d5b7c</uuidstructure><datelastmodified>Wed, 05 Feb 2014 14:56:00 CET</datelastmodified><userlastmodified>Admin</userlastmodified><datecreated>Wed, 05 Feb 2014 14:56:00 CET</datecreated><usercreated>Admin</usercreated><flags>0</flags><properties/><accesscontrol/></file><file><destination>system/workplace/locales/fr/messages/sandrine/opencms/workplace</destination><type>folder</type><uuidstructure>6b5552c8-8e6d-11e3-9895-00c0f03d5b7c</uuidstructure><datelastmodified>Wed, 05 Feb 2014 14:56:00 CET</datelastmodified><userlastmodified>Admin</userlastmodified><datecreated>Wed, 05 Feb 2014 14:56:00 CET</datecreated><usercreated>Admin</usercreated><flags>0</flags><properties/><accesscontrol/></file><file><destination>system/workplace/locales/fr/messages/sandrine/opencms/workplace/tools</destination><type>folder</type><uuidstructure>6b5579d9-8e6d-11e3-9895-00c0f03d5b7c</uuidstructure><datelastmodified>Wed, 05 Feb 2014 14:56:00 CET</datelastmodified><userlastmodified>Admin</userlastmodified><datecreated>Wed, 05 Feb 2014 14:56:00 CET</datecreated><usercreated>Admin</usercreated><flags>0</flags><properties/><accesscontrol/></file><file><destination>system/workplace/locales/fr/messages/sandrine/opencms/workplace/tools/checkresources</destination><type>folder</type><uuidstructure>6b5579da-8e6d-11e3-9895-00c0f03d5b7c</uuidstructure><datelastmodified>Wed, 05 Feb 2014 14:56:00 CET</datelastmodified><userlastmodified>Admin</userlastmodified><datecreated>Wed, 05 Feb 2014 14:56:00 CET</datecreated><usercreated>Admin</usercreated><flags>0</flags><properties/><accesscontrol/></file><file><source>system/modules/sandrine.opencms.workplace.tools.checkresources/lib/sandrine.opencms.workplace.tools.checkresources_0.0.1.jar</source><destination>system/modules/sandrine.opencms.workplace.tools.checkresources/lib/sandrine.opencms.workplace.tools.checkresources_0.0.1.jar</destination><type>plain</type><uuidresource>6b55a0eb-8e6d-11e3-9895-00c0f03d5b7c</uuidresource><uuidstructure>6b55a0ec-8e6d-11e3-9895-00c0f03d5b7c</uuidstructure><datelastmodified>Thu, 01 Jan 1970 01:00:00 CET</datelastmodified><userlastmodified>Admin</userlastmodified><datecreated>Thu, 01 Jan 1970 01:00:00 CET</datecreated><usercreated>Admin</usercreated><flags>0</flags><properties/><accesscontrol/></file><file><source>system/workplace/admin/checkresources/compareofflineonline.jsp</source><destination>system/workplace/admin/checkresources/compareofflineonline.jsp</destination><type>jsp</type><uuidresource>6b55a0ed-8e6d-11e3-9895-00c0f03d5b7c</uuidresource><uuidstructure>6b55a0ee-8e6d-11e3-9895-00c0f03d5b7c</uuidstructure><datelastmodified>Wed, 05 Feb 2014 14:56:00 CET</datelastmodified><userlastmodified>Admin</userlastmodified><datecreated>Wed, 05 Feb 2014 14:56:00 CET</datecreated><usercreated>Admin</usercreated><flags>0</flags><properties><property><name>Description</name><value><![CDATA[${key.GUI_CHECKRESOURCES_CHECKOFFON_ADMIN_TOOL_HELP_0}]]></value></property><property><name>NavInfo</name><value><![CDATA[${key.GUI_CHECKRESOURCES_CHECKOFFON_ADMIN_TOOL_GROUP_0}]]></value></property><property><name>Title</name><value><![CDATA[Compare Offline and Online]]></value></property><property><name>NavImage</name><value><![CDATA[tools/projects/icons/big/projects.png:tools/projects/icons/small/projects.png]]></value></property><property><name>admintoolhandler-class</name><value><![CDATA[org.opencms.workplace.tools.CmsDefaultToolHandler]]></value></property><property><name>NavText</name><value><![CDATA[${key.GUI_CHECKRESOURCES_CHECKOFFON_ADMIN_TOOL_NAME_0}]]></value></property><property><name>NavPos</name><value><![CDATA[1]]></value></property></properties><accesscontrol/></file><file><source>system/workplace/admin/checkresources/lockedresources.jsp</source><destination>system/workplace/admin/checkresources/lockedresources.jsp</destination><type>jsp</type><uuidresource>6b55c7ff-8e6d-11e3-9895-00c0f03d5b7c</uuidresource><uuidstructure>6b55c800-8e6d-11e3-9895-00c0f03d5b7c</uuidstructure><datelastmodified>Wed, 05 Feb 2014 14:56:00 CET</datelastmodified><userlastmodified>Admin</userlastmodified><datecreated>Wed, 05 Feb 2014 14:56:00 CET</datecreated><usercreated>Admin</usercreated><flags>0</flags><properties><property><name>Description</name><value><![CDATA[${key.GUI_CHECKRESOURCES_OFFLOCKED_ADMIN_TOOL_HELP_0}]]></value></property><property><name>NavInfo</name><value><![CDATA[${key.GUI_CHECKRESOURCES_OFFLOCKED_ADMIN_TOOL_GROUP_0}]]></value></property><property><name>Title</name><value><![CDATA[Offline Locked Resources]]></value></property><property><name>NavImage</name><value><![CDATA[tools/projects/icons/big/projects.png:tools/projects/icons/small/projects.png]]></value></property><property><name>admintoolhandler-class</name><value><![CDATA[org.opencms.workplace.tools.CmsDefaultToolHandler]]></value></property><property><name>NavText</name><value><![CDATA[${key.GUI_CHECKRESOURCES_OFFLOCKED_ADMIN_TOOL_NAME_0}]]></value></property><property><name>NavPos</name><value><![CDATA[2]]></value></property></properties><accesscontrol/></file><file><source>system/workplace/admin/checkresources/modifiedresources.jsp</source><destination>system/workplace/admin/checkresources/modifiedresources.jsp</destination><type>jsp</type><uuidresource>6b55ef11-8e6d-11e3-9895-00c0f03d5b7c</uuidresource><uuidstructure>6b561622-8e6d-11e3-9895-00c0f03d5b7c</uuidstructure><datelastmodified>Wed, 05 Feb 2014 14:56:00 CET</datelastmodified><userlastmodified>Admin</userlastmodified><datecreated>Wed, 05 Feb 2014 14:56:00 CET</datecreated><usercreated>Admin</usercreated><flags>0</flags><properties><property><name>Description</name><value><![CDATA[${key.GUI_CHECKRESOURCES_OFFMODIFIED_ADMIN_TOOL_HELP_0}]]></value></property><property><name>NavInfo</name><value><![CDATA[${key.GUI_CHECKRESOURCES_OFFMODIFIED_ADMIN_TOOL_GROUP_0}]]></value></property><property><name>Title</name><value><![CDATA[Offline Modified Resources]]></value></property><property><name>NavImage</name><value><![CDATA[tools/projects/icons/big/projects.png:tools/projects/icons/small/projects.png]]></value></property><property><name>admintoolhandler-class</name><value><![CDATA[org.opencms.workplace.tools.CmsDefaultToolHandler]]></value></property><property><name>NavText</name><value><![CDATA[${key.GUI_CHECKRESOURCES_OFFMODIFIED_ADMIN_TOOL_NAME_0}]]></value></property><property><name>NavPos</name><value><![CDATA[1]]></value></property></properties><accesscontrol/></file><file><source>system/workplace/locales/fr/messages/sandrine/opencms/workplace/tools/checkresources/messages_fr.properties</source><destination>system/workplace/locales/fr/messages/sandrine/opencms/workplace/tools/checkresources/messages_fr.properties</destination><type>plain</type><uuidresource>6b561623-8e6d-11e3-9895-00c0f03d5b7c</uuidresource><uuidstructure>6b561624-8e6d-11e3-9895-00c0f03d5b7c</uuidstructure><datelastmodified>Wed, 05 Feb 2014 14:56:00 CET</datelastmodified><userlastmodified>Admin</userlastmodified><datecreated>Wed, 05 Feb 2014 14:56:00 CET</datecreated><usercreated>Admin</usercreated><flags>0</flags><properties/><accesscontrol/></file></files></export>